run,generations,best_fitness,evaluations,elapsed_time,neurons,inputs,connections,distinct_fitnesses,distinct_genomes,avg_fitness
1,0,0.9999999999999432,500,6.2819929122924805,100,0,468,44,500,0.00901681117382272
2,0,0.9999999999999432,500,5.999346733093262,100,0,336,46,500,0.012691842536862055
3,1,0.9999999979388463,550,10.19569730758667,100,0,301,49,500,0.006851128908321484
4,0,0.9999999999999432,500,5.887562990188599,100,0,249,45,500,0.009547372909177529
5,0,0.9999999999999432,500,6.7166428565979,100,0,266,44,500,0.01041673590752405
6,0,0.9999999999999432,500,6.10302996635437,100,0,228,51,500,0.00953715412001563
7,5,0.9999999895325983,750,26.145148992538452,100,0,383,93,500,0.01559273156025873
8,0,0.999999999999942,500,7.197532892227173,100,0,259,63,500,0.018550101452746874
9,0,0.9999999999999432,500,7.06706690788269,100,0,259,67,500,0.0167380525609427
10,0,0.9999999999999432,500,6.828317165374756,100,0,308,51,500,0.012068585527812446
11,0,0.9999999999999432,500,6.845590114593506,7,1,13,53,500,0.01038406602178368
12,0,0.9999999999999432,500,7.616332054138184,100,0,155,51,500,0.02003418018965482
13,0,0.9999999999945204,500,6.691151142120361,100,0,330,57,500,0.01156239802697243
14,0,0.9999999999999432,500,7.0980610847473145,100,0,250,54,500,0.011631004203916466
15,0,0.9999999999999432,500,6.726433992385864,100,0,299,48,500,0.016757268207435706
16,0,0.9999999999999432,500,6.256796360015869,100,0,243,56,500,0.00848799806796617
17,0,0.9999999999999432,500,6.989040851593018,100,0,393,54,500,0.01141493363373708
18,0,0.9999999999999432,500,6.47632098197937,100,0,487,57,500,0.013992156133547411
19,0,0.9999999999999432,500,6.617877006530762,100,0,462,50,500,0.021180230977851273
20,0,0.9999999999998723,500,6.27292275428772,6,2,8,46,500,0.007490799329398134
21,0,0.9999999999999432,500,6.554328918457031,100,0,373,53,500,0.01561687443421102
22,0,0.9999999999999432,500,6.870192766189575,100,0,498,46,500,0.0034831734678638436
23,0,0.9999999999999432,500,7.147002935409546,100,0,486,53,500,0.012813678320723032
24,0,0.9999999999999432,500,6.857120037078857,100,0,331,60,500,0.009398479810578252
25,0,0.999999999979793,500,6.860877990722656,100,0,268,42,500,0.01257143838049227
26,0,0.9999999999999432,500,7.1469690799713135,100,0,261,47,500,0.0238201702044107
27,1,0.9999999999999432,550,11.091447114944458,100,0,185,64,500,0.017074967250487585
28,0,0.9999999999999432,500,6.452566146850586,100,0,553,59,500,0.006262732909493989
29,0,0.9999999999386853,500,6.467694997787476,100,0,306,57,500,0.010450048407124995
30,0,0.9999999999999432,500,7.166278839111328,100,0,263,59,500,0.018768159006146243
31,0,0.9999999999999432,500,6.387440204620361,100,0,271,56,500,0.01317124403681564
32,0,0.9999999999999432,500,7.0124900341033936,100,0,463,52,500,0.018670808200775366
33,0,0.9999999999999432,500,6.256042003631592,100,0,389,42,500,0.010199628678996974
34,0,0.9999999999999432,500,6.497553110122681,6,2,10,51,500,0.016646647193010105
35,0,0.9999999999997313,500,7.127588987350464,100,0,247,61,500,0.010434006226053017
36,0,0.9999999999999432,500,6.8078389167785645,100,0,305,39,500,0.010015561041032132
37,0,0.9999999999998583,500,6.456647157669067,100,0,403,55,500,0.014922437826459927
38,0,0.9999999999999432,500,6.967659950256348,100,0,260,64,500,0.01708598436495486
39,0,0.9999999999999432,500,7.419770002365112,100,0,283,60,500,0.021456687301024978
40,0,0.9999999999999432,500,7.21126914024353,100,0,505,50,500,0.02044090393184993
41,0,0.9999999999999432,500,7.1326069831848145,100,0,370,51,500,0.013189012808516871
42,0,0.9999999999999432,500,6.844222784042358,8,2,13,49,500,0.015460335596201785
43,0,0.9999999999999432,500,7.218857049942017,100,0,244,52,500,0.014757444172262638
44,0,0.9999999999999432,500,7.231710910797119,100,0,355,55,500,0.02011495420755887
45,0,0.9999999999999432,500,6.440624952316284,100,0,265,55,500,0.007435452651073028
46,0,0.999999999999873,500,6.995104789733887,100,0,243,64,500,0.009230722639492537
47,0,0.9999999999999432,500,6.607326984405518,100,1,515,49,500,0.01290436937036323
48,0,0.9999999999999432,500,6.560922861099243,100,0,431,43,500,0.013631691084423348
49,0,0.9999999999999432,500,7.231685161590576,100,0,384,51,500,0.01633792470238668
50,0,0.9999999999999432,500,7.066045045852661,34,2,75,50,500,0.01819964953685285
51,0,0.9999999999999432,500,7.314515113830566,6,2,15,58,500,0.021286701114255374
52,0,0.9999999999999432,500,7.1935319900512695,100,0,379,52,500,0.012994880965481152
53,0,0.9999999999999432,500,6.9487926959991455,100,0,192,57,500,0.01664848580544906
54,0,0.9999999999999432,500,7.341261148452759,100,0,290,46,500,0.014820387782559766
55,0,0.9999999999999432,500,6.966529130935669,7,1,17,53,500,0.016438862735101083
56,0,0.9999999999999432,500,7.53390097618103,100,0,344,52,500,0.00905071045783927
57,0,0.9999999982436008,500,6.240233898162842,100,0,264,49,500,0.007371724210977982
58,4,0.9999999999999432,696,23.159548044204712,70,0,301,92,496,0.022729867998651423
59,0,0.9999999999998672,500,6.4265830516815186,100,0,241,55,500,0.017991200474105642
60,0,0.9999999999999432,500,7.130995035171509,100,0,207,57,500,0.015050137395716708
61,0,0.9999999999999432,500,6.61777400970459,100,0,290,45,500,0.018162937991244302
62,0,0.9999999999999356,500,6.8380937576293945,100,0,411,57,500,0.012215401606212222
63,0,0.9999999999947615,500,6.975010871887207,100,0,255,45,500,0.009548357005214548
64,0,0.9999999999999432,500,7.249751091003418,100,0,348,53,500,0.01632104735762646
65,5,0.9999999999999432,746,27.14581608772278,100,0,222,93,496,0.014160675467626668
66,0,0.9999999999999432,500,6.750907897949219,100,0,296,64,500,0.02348836798577937
67,0,0.9999999999999432,500,7.582884788513184,100,0,257,50,500,0.019929242319986825
68,0,0.9999999999999432,500,6.785804033279419,100,0,340,46,500,0.012024762530931198
69,0,0.9999999999999432,500,6.676100730895996,100,0,407,49,500,0.012070138599381575
70,0,0.9999999999998805,500,7.244399070739746,100,0,257,51,500,0.015186891105008182
71,0,0.9999999999999432,500,7.5602967739105225,100,0,257,55,500,0.01947271876657051
72,0,0.9999999999999432,500,7.1249001026153564,46,1,146,57,500,0.022461007907279954
73,0,0.9999999999999432,500,7.201222896575928,7,2,12,57,500,0.012702267023838903
74,0,0.9999999999999432,500,7.128192901611328,100,0,447,59,500,0.020807537212134634
75,0,0.9999999999999432,500,7.118467092514038,100,0,337,45,500,0.012744008765081657
76,0,0.9999999999999432,500,7.16010594367981,100,0,236,51,500,0.006390233320539982
77,0,0.9999999999999432,500,7.3612961769104,100,0,285,56,500,0.012411912337200175
78,0,0.9999999999897116,500,7.335792064666748,100,0,240,47,500,0.016045690233028854
79,0,0.9999999999999432,500,6.875311851501465,6,2,10,51,500,0.005043643807676597
80,0,0.9999999999999432,500,7.4440598487854,100,0,302,57,500,0.015459518719127967
81,0,0.9999999999999432,500,7.642336130142212,100,0,359,49,500,0.016467299463938254
82,0,0.9999999999999432,500,7.507950067520142,100,0,484,57,500,0.018302240951522795
83,0,0.9999999999999432,500,7.347243785858154,100,0,436,48,500,0.022493520677020862
84,0,0.9999999999999432,500,7.193343877792358,100,0,420,59,500,0.011014538722690962
85,0,0.9999999278847332,500,7.0189528465271,100,0,490,52,500,0.015595069864782186
86,0,0.9999999999999432,500,7.932899713516235,100,0,266,54,500,0.018499868308308173
87,0,0.9999999999999432,500,6.853924036026001,100,0,316,49,500,0.015562737480475427
88,0,0.9999999999987081,500,6.929535865783691,100,0,247,51,500,0.013402764471107926
89,0,0.9999999999953306,500,7.233536958694458,100,0,460,47,500,0.014473727435093973
90,0,0.9999999999999432,500,7.276631832122803,100,0,200,57,500,0.014935970115144493
91,0,0.9999999999999432,500,6.965882062911987,100,0,257,43,500,0.013249667121441324
92,0,0.9999999999999432,500,7.574236869812012,100,0,278,57,500,0.020254436392780618
93,0,0.9999999999999432,500,7.542511701583862,100,0,246,51,500,0.013593203196815751
94,0,0.9999999999999432,500,7.4610912799835205,100,0,258,55,500,0.013104659134559452
95,0,0.9999999822165931,500,6.3168418407440186,100,0,524,49,500,0.009729395809907409
96,0,0.999999999999889,500,7.238797903060913,100,0,295,47,500,0.015108177186469203
97,0,0.9999999999999432,500,7.651174783706665,100,0,511,62,500,0.019434912577403828
98,0,0.9999999999934397,500,6.887873888015747,100,0,342,47,500,0.008169115627890229
99,0,0.9999999999999432,500,7.065318822860718,100,0,423,48,500,0.016692444034560994
100,1,0.999999999999639,549,9.937627077102661,100,0,254,53,499,0.009382452823720471
